signature,recv_wall_iso
3Ff93SSYhw6hjFJG5QAAtyixFxtVZJRvVnfDRvLfznKs7jGcNws81B4yG3233AHiyCJKLWvJRv2s7dvJZ9Gt9pWJ,2025-08-23T19:59:20.774383Z
Z8A1kPj8VzjsSeBmhmQ7TGncksLJoH9jMFUs3TYRCT936qAsNRQRf3WBktxkfyHhdVYMmaxYh9jKirJiqXzrS5i,2025-08-23T19:59:24.560102Z
2ptoztPa7vK3RehFFoEjPcf15ZeJnXtksBcb1joXThKk5ZfwfujMsTqe19uu8etpjGWoF2DisgqemuvdjrAnLLjj,2025-08-23T19:59:54.151099Z
5tjPVYZvY2gfqRsBcbNxpxc8vpsc7GW1YKaxfVLkmb3937w8jLMjEFBwr6M2ShzB9mD5CfKvZKU2RZ4H8pmPqLMp,2025-08-23T20:00:11.536827Z
ZTpdWD8jrsJHVjHorpBFn27Z9rwVJtcKU4b64k6DQMNQfm6T1SXyUELSjXLrHrjc7a2m71jhTT8C4XaGs3aCZC1,2025-08-23T20:00:16.249333Z
7e2xBAAYmpMFygzmoYf6p3tz72u5tZ8z7fEegpdLAqgjtb4GgogynJFMQid6gXGuB787ZqNhJTp44ALr8WMEFwq,2025-08-23T20:00:16.694435Z
21jTupsA4RdHPcJfgBgq62qcsKpWTaPDSmQvNHqT9kKqfZEKxdgvssg7iLBEafKvzJAKXrxVQRyTEzBFGGwihvWk,2025-08-23T20:00:18.845732Z
646maxuFzXFrZcZfkSbq6SgNPyxMfPXkUq8wXmug9hpkbspNbhhsdiJts1XfRghddHQirdqRsHtDVNF6NBNsK8zN,2025-08-23T20:00:20.009785Z
5Yu5yiRZaPfwg6iPJrM2VqCoJsUKinGA9EqemDqcyS5PM1vxoVQrowvFQNjNKctmAJ7qJZmHKPUCwd1c1MMsupSA,2025-08-23T20:00:24.054374Z
3dXUTGmw4WrwdLu3uRvEEWwWooQBFSmoWCNV1f1dYkaSM2GJp6GhWTHGAdn461jVvLN6VaASazy2YEsYKumLSeQ2,2025-08-23T20:00:29.830928Z
89fFgJ4v9VvHaMqkywx72GDU4UUvsYy7KoVWjCzhxHuiB45XMoLtriHVhThqriyvkexxAJpcBq4tRWC9x4WTYrS,2025-08-23T20:00:30.147937Z
54y4PfrDwGa2oFwLYJeufw7ieLTwP8dgtN3NPb96gTXNE1xorBhVKFafeEhcmH8NPYcQ1ULKMkhk771gcgFb7A8a,2025-08-23T20:00:30.795162Z
3A5hNqEMtjgVK1fbfUCiQcFVzYzB1JfU9xnUCFdhn79J2qsoRdjJq2EnwxvrBE7vojGndU6nqiwTRXuk273DDAkf,2025-08-23T20:00:31.535834Z
mTZWkRti8zg3Wv8HqNTJiWXqpsJ76Gon3gUePTGuf7idTMgZbSBeEbDBGfVuVBjjs7noHyj3JrTNbCF7rpswxzq,2025-08-23T20:00:36.510679Z
5mpuXpHhWinJZVJMDLA9rRWPygU24wP4TGejgq6UL1e9U8Z1sgdEv5QB69u4pNEKgmteekzLtuCoVeCiFujo4yxS,2025-08-23T20:00:37.113191Z
3h6wxs86k7VnEmXywKLHcvhobmhpHquME7hcDetjRftLfeAsL9aAqH16iJAMdmrvgjHDTxfJF3Ud5C4KFCztjJGW,2025-08-23T20:00:38.890146Z
4g6gLy2ACDE1QfEUCfTfcVXi5a8QBSzBoif7dcy4GYQACH354VdS3upNiyp1DEd6F5kK1ga3dYU3yZpRb8wD6vsy,2025-08-23T20:00:41.207197Z
4AtqmFsgcHij6zuQzf4osqsg7SRuDMTMjv5jCG8X62bKzoouGLyQ4BbQyATVsdEztuCbQjXYydSKmNyYRQvZ5RrE,2025-08-23T20:00:42.523719Z
4ugJ6vzkAhbgcKxyjMwZyu6Bm3488JGFke3LtXZUvEc65tu15PB9VxupzbiNtoK6QshvWGtoXbDV359rrKzo68bE,2025-08-23T20:00:44.681546Z
46ia1DB5TWjWMCp5ovPN5kR2ibhZ7BTJ3LUkCxQtgtULBa9GhTh3X32WkXoH1aEhgdKsubPHnP7GWaRFDMDfm2Et,2025-08-23T20:00:46.798872Z
5tyD87qdkX8fCms4q5MafC5PuLMeCmNKpWo4F5NVsuXFA9TZMHXbDT6rPcQuSgX9aEvw1M6hCQ3iLhogaZb68YGY,2025-08-23T20:00:47.632414Z
L95jiUrSBVkV2toza7EVMkWPq78rukiF6Qq7TSdLUh6usGLrRW1QMEUnGSxKTZSS1GYSVhWpXVozN48ZKfTrYU2,2025-08-23T20:00:49.452631Z
3njKS4DYptF9dg1wc6EeuAHoeDK6NuGDYMj5C8V1D9TgyL4gCGzU95v143tmQ4G5MGnbXbvRsDwAag8sRy9KH9ZA,2025-08-23T20:00:50.872439Z
2uKEbWLddRrywZ9yaUyjAmEeS98TtxEdEBymniSs8Y5FW1H5s7nBGQqrf1ufDoHaYmu1dEC4Kk2SerRzH1C8SPSB,2025-08-23T20:00:53.295199Z
5tXvC3BdMw69KprUd3mLohZ29cqvH9oMtKpKBAVs8uUxZaR6721ntVryw8WirpAAcgCDXdkiVe996avVa1muUGx1,2025-08-23T20:01:02.422927Z
4fDQksi4hsDzuwJmrpf7Fk6LUW1qHuryFXak1rcBYTus5p2Mg4gYbSVurcqvT5XsFTpiUQwuXtaXJWQRENfZEjxf,2025-08-23T20:01:04.861105Z
3ssYWUQLjaT9ayiP34j29iQhY46W9knnVXu7kLcUUVcfwQYMb64jU5X2xuVDjHN29PtHfiJEds2Jk53TkCZFC4Wp,2025-08-23T20:01:22.138641Z
5vY1oymaQ2Hp8Ece6ezZLbEftgHcQctBQvjLfNExQ8vQbsR5NPDQw2zJzsJWMBYPU98xWHyNoSacb3JiAFYiRcLP,2025-08-23T20:01:44.180986Z
2uZXAxE76LiaAEHymBqsCuyeM2Lrjkhwfh1jQ4NPkuPGXLtgGDrRdbwtYJvHYz8TvAzMRbwCsoUFcvFdV5a7LKLt,2025-08-23T20:01:53.685084Z
ngzCP7Rq9KyzppUYfL3mGAsGEX9kuwSeZPYbYjtLtzMvomTyTGaXzVbAsnbLak5uc7aT8ms11Xf9y1zejrompTj,2025-08-23T21:16:05.906684Z
5vqyVfanytoVL24oUNgxQsnmcQovHxbULBB4nm7JAJQi7GouRKRxTCJvgqJnGo1xrxMdWVQthGxxP19JMNtHgttH,2025-08-23T21:16:08.869163Z
5X6in7Gy1WniPdPCbvrr5JGcFfUMu2T71DiJyaDQAyvEGaM7LggrRhgAmbcf6SokBssan4mBX4o9j567E9Vj5imG,2025-08-23T21:16:08.993043Z
TPpavpumK3Ezrp9p37iLJzPL4Dx1TFYrDDN9UHatWKQZRZ2FTcPSjFm11nKWRHUzEvCxnFeWpNH7RhQ3HDcv1mV,2025-08-23T21:16:09.175849Z
5pkK8H5RHgj6Q6KemY1mvzuEao1usSrsH7PhQygBiFDtKAacRAjTGrgBStgFvcYJpcBVYjnNRQEfE3z7ZUxTy741,2025-08-23T21:16:18.974126Z
4r3sB1Gda18B7bLYrb5fZRCqk4SBzB1UMBRmvjMb85jvrrXxUYdiuY598n7G4YkNxDek7gRbhJnvsBK9i69mTt6i,2025-08-23T21:30:50.950865Z
rc2dgrpmUvKNZ6DEfGrJWYq2ivLhY3V2KFw2AzvavoMYjJ5E5cDc6mPFMwUqdNQaCJ7gJmpCs59nucB5ivzkEoe,2025-08-23T21:30:54.062840Z
